{
  "hash": "112f2148",
  "configHash": "962f0130",
  "lockfileHash": "6c1a030f",
  "browserHash": "acd4b1d8",
  "optimized": {
    "@angular/core": {
      "src": "../../../../../../node_modules/@angular/core/fesm2022/core.mjs",
      "file": "@angular_core.js",
      "fileHash": "32a9395a",
      "needsInterop": false
    },
    "@angular/platform-browser": {
      "src": "../../../../../../node_modules/@angular/platform-browser/fesm2022/platform-browser.mjs",
      "file": "@angular_platform-browser.js",
      "fileHash": "5b2b5cd4",
      "needsInterop": false
    },
    "@angular/router": {
      "src": "../../../../../../node_modules/@angular/router/fesm2022/router.mjs",
      "file": "@angular_router.js",
      "fileHash": "a3aa80b0",
      "needsInterop": false
    },
    "@angular/forms": {
      "src": "../../../../../../node_modules/@angular/forms/fesm2022/forms.mjs",
      "file": "@angular_forms.js",
      "fileHash": "b85632ee",
      "needsInterop": false
    }
  },
  "chunks": {
    "chunk-ND56FLC4": {
      "file": "chunk-ND56FLC4.js"
    },
    "chunk-R4DOGOTW": {
      "file": "chunk-R4DOGOTW.js"
    },
    "chunk-UTC3K43W": {
      "file": "chunk-UTC3K43W.js"
    }
  }
}